{
    "AX": {
        "error": 0.048405592522188366, 
        "fit": "average", 
        "value": -0.15623286222679572
    }, 
    "CDD": {
        "error": 4.033805437117005e-05, 
        "fit": "average", 
        "value": 8.757225077715703e-06
    }, 
    "H1": {
        "error": 0.03559221383568453, 
        "fit": "average", 
        "value": -0.032297315892943164
    }, 
    "H2": {
        "error": 0.10155594583544784, 
        "fit": "average", 
        "value": 0.07917054579692742
    }, 
    "L1": {
        "error": 0.020768448678861316, 
        "fit": "average", 
        "value": -0.022965835447362422
    }, 
    "L2": {
        "error": 0.05138632987341315, 
        "fit": "average", 
        "value": -0.006411706138794176
    }
}