{
    "AX": {
        "error": 0.04564632803138943, 
        "fit": "average", 
        "value": -0.08843714042888147
    }, 
    "CDD": {
        "error": 0.0001146429514841085, 
        "fit": "average", 
        "value": 9.040397999342531e-05
    }, 
    "H1": {
        "error": 0.10079420468931195, 
        "fit": "average", 
        "value": -0.017219254680796815
    }, 
    "H2": {
        "error": 0.1011620075809232, 
        "fit": "average", 
        "value": -0.045372388294996006
    }, 
    "L1": {
        "error": 0.10201734775125537, 
        "fit": "average", 
        "value": -0.08720087746556938
    }, 
    "L2": {
        "error": 0.1113363174751943, 
        "fit": "average", 
        "value": -0.023194631175045336
    }
}