{
    "AX": {
        "error": 0.047516216132906824, 
        "fit": "average", 
        "value": -0.15030278897445118
    }, 
    "CDD": {
        "error": 0.00015949778400415186, 
        "fit": "average", 
        "value": 0.00016138314640556928
    }, 
    "H1": {
        "error": 0.03824040013830853, 
        "fit": "average", 
        "value": 0.002394873937389449
    }, 
    "H2": {
        "error": 0.09338056719218445, 
        "fit": "average", 
        "value": -0.22275197331725946
    }, 
    "L1": {
        "error": 0.018856972975800794, 
        "fit": "average", 
        "value": -0.027603542488372036
    }, 
    "L2": {
        "error": 0.041033445385320284, 
        "fit": "average", 
        "value": -0.002326405172165583
    }
}