{
    "Ar36": {
        "error": 0.0047341323526079006, 
        "fit": "Parabolic", 
        "value": 0.22609455973817785
    }, 
    "Ar37": {
        "error": 0.049793192236788617, 
        "fit": "linear", 
        "value": 0.029874233013644152
    }, 
    "Ar38": {
        "error": 0.018973624360962452, 
        "fit": "linear", 
        "value": 0.016124559277847974
    }, 
    "Ar39": {
        "error": 0.049543026362319081, 
        "fit": "Parabolic", 
        "value": -0.13566079779049567
    }, 
    "Ar40": {
        "error": 0.069740037402840807, 
        "fit": "Parabolic", 
        "value": 68.355511235899371
    }, 
    "Ar41": {
        "error": 0.10967709564530581, 
        "fit": "linear", 
        "value": -0.21235841034501085
    }
}