{
    "Ar36": {
        "error": 0.083896150470015071, 
        "fit": "Parabolic", 
        "value": 57.741420107056697
    }, 
    "Ar37": {
        "error": 0.13307274306493147, 
        "fit": "linear", 
        "value": 16.578387585503684
    }, 
    "Ar38": {
        "error": 0.11415266814717176, 
        "fit": "linear", 
        "value": 11.40109839834472
    }, 
    "Ar39": {
        "error": 0.063861675538105941, 
        "fit": "Parabolic", 
        "value": 11.757464035262013
    }, 
    "Ar40": {
        "error": 1.7847288957890068, 
        "fit": "Parabolic", 
        "value": 20816.657981114593
    }, 
    "Ar41": {
        "error": 0.099424163002235888, 
        "fit": "linear", 
        "value": 0.47417056583154227
    }
}