{
    "Ar36": {
        "error": 0.0028752173777373104, 
        "fit": "Parabolic", 
        "value": 0.071982081261674616
    }, 
    "Ar37": {
        "error": 0.04726573977899156, 
        "fit": "linear", 
        "value": 1.3486368726460711
    }, 
    "Ar38": {
        "error": 0.018570542496104195, 
        "fit": "linear", 
        "value": 0.043571581900986478
    }, 
    "Ar39": {
        "error": 0.054074889120919165, 
        "fit": "Parabolic", 
        "value": 4.860538963465955
    }, 
    "Ar40": {
        "error": 0.060076671197919998, 
        "fit": "Parabolic", 
        "value": 30.845089670758032
    }, 
    "Ar41": {
        "error": 0.1036361472061518, 
        "fit": "linear", 
        "value": -0.21561187185863612
    }
}